{
  "n_calibration_tasks": 50,
  "capability": {
    "mae_raw": 0.33,
    "mae_fit": 0.401311004784689,
    "mae_loocv": 0.4447619047619048,
    "breakpoints": [
      [
        2.0,
        2.875
      ],
      [
        3.0,
        3.227272727272727
      ],
      [
        4.0,
        3.8684210526315788
      ],
      [
        5.0,
        4.9
      ]
    ]
  },
  "has": {
    "mae_raw": 0.39,
    "mae_fit": 0.45306349206349206,
    "mae_loocv": 0.49167182662538694,
    "breakpoints": [
      [
        1.0,
        1.1
      ],
      [
        2.0,
        2.138888888888889
      ],
      [
        3.0,
        2.875
      ],
      [
        4.0,
        3.4285714285714284
      ]
    ]
  }
}