{
  "n_calibration_tasks": 50,
  "capability": {
    "mae_raw": 0.31,
    "mae_fit": 0.3628146453089245,
    "mae_loocv": 0.40060606060606047,
    "breakpoints": [
      [
        2.0,
        2.875
      ],
      [
        3.0,
        3.217391304347826
      ],
      [
        4.0,
        3.9473684210526314
      ],
      [
        5.0,
        5.0
      ]
    ]
  },
  "has": {
    "mae_raw": 0.33,
    "mae_fit": 0.36112781954887213,
    "mae_loocv": 0.3911695906432749,
    "breakpoints": [
      [
        1.0,
        1.0
      ],
      [
        2.0,
        2.026315789473684
      ],
      [
        3.0,
        2.95
      ],
      [
        4.0,
        3.4285714285714284
      ]
    ]
  }
}